experience,test_score(out of 10),interview_score(out of 10),salary($)
0,8,7,47939.5924308588
2,8,8,55770.742358078605
0,5,6,40197.234352256186
5,6,5,53902.47452692867
7,10,9,75732.16885007278
5,9,7,63850.07278020378
